,id,conversation_id,created_at,date,timezone,place,tweet,language,hashtags,cashtags,user_id,user_id_str,username,name,day,hour,link,urls,photos,video,thumbnail,retweet,nlikes,nreplies,nretweets,quote_url,search,near,geo,source,user_rt_id,user_rt,retweet_id,reply_to,retweet_date,translate,trans_src,trans_dest
0,1360406960319864833,1360406960319864833,1613181269000.0,2021-02-12 17:54:29,-0800,,"Despite the deeply concerning increase in hate crimes and violence against Asian Americans, we still want to recognize and join in the celebration of the #LunarNewYearÔøº. As we begin the #YearOfTheOx, I wish you and your families good health, safety, happiness and prosperity!  https://t.co/jPirxHGYbZ",en,"['lunarnewyear', 'yearoftheox']",[],1004065528871247872,1004065528871247872,RobBontaCA,Rob Bonta,5,17,https://twitter.com/RobBontaCA/status/1360406960319864833,[],['https://pbs.twimg.com/media/EuEi64IVgAE6pvi.jpg'],1,https://pbs.twimg.com/media/EuEi64IVgAE6pvi.jpg,False,21,1,2,,,,,,,,,[],,,,
1,1360340549245366274,1360340549245366274,1613165435000.0,2021-02-12 13:30:35,-0800,,"The hate-fueled attacks on the API community must be condemned. Today, the @APILegCaucus came together to call out these horrible acts. All communities deserve to be seen, valued &amp; protected. We must recommit to creating prevention, restoration, healing, accountability &amp; safety.  https://t.co/eQSDF81wAK",en,[],[],1004065528871247872,1004065528871247872,RobBontaCA,Rob Bonta,5,13,https://twitter.com/RobBontaCA/status/1360340549245366274,[],[],1,https://pbs.twimg.com/amplify_video_thumb/1360339014105006080/img/_8VkYsL6FaWkphs2.jpg,False,35,0,8,,,,,,,,,[],,,,
2,1360096507668557824,1360096507668557824,1613107251000.0,2021-02-11 21:20:51,-0800,,Tonight @MiaBonta &amp; I joined @chamberalameda in celebrating inspiring local heroes who answered the call &amp; stepped up to serve our neighbors in need during the pandemic. Congrats to the incredible awardees! Let‚Äôs continue to look out for each other &amp; take care of one another!  https://t.co/nzOPOQFZyB,en,[],[],1004065528871247872,1004065528871247872,RobBontaCA,Rob Bonta,4,21,https://twitter.com/RobBontaCA/status/1360096507668557824,[],"['https://pbs.twimg.com/media/EuAIkG7VoAQu1kr.jpg', 'https://pbs.twimg.com/media/EuAIkG_UUAUFTaT.jpg']",1,https://pbs.twimg.com/media/EuAIkG7VoAQu1kr.jpg,False,23,1,4,,,,,,,,,[],,,,
3,1359956201207853058,1359956201207853058,1613073799000.0,2021-02-11 12:03:19,-0800,,"#BayArea transportation must reflect our commitment to fight climate change, promote equity &amp; maximize efficiency. My #AB455 will lower GHG emissions, boost ridership options for our most vulnerable &amp; aid traffic flow w/ fast, reliable &amp; accessible transit. https://t.co/RJxVYWtHy6  https://t.co/VJVwXJEQ8b",en,"['bayarea', 'ab455']",[],1004065528871247872,1004065528871247872,RobBontaCA,Rob Bonta,4,12,https://twitter.com/RobBontaCA/status/1359956201207853058,['https://a18.asmdc.org/press-releases/20210210-bonta-introduces-bill-increase-equitable-access-transit-reduce-traffic'],['https://pbs.twimg.com/media/Et-Hq3CUUAERfFY.png'],1,https://pbs.twimg.com/media/Et-Hq3CUUAERfFY.png,False,41,5,9,,,,,,,,,[],,,,
4,1359325015259287559,1359325015259287559,1612923313000.0,2021-02-09 18:15:13,-0800,,"Thank you @ACLU_CalAction for recognizing me as a civil liberties champion! I'm proud to partner with you as we fight to advance justice (including smart criminal justice reforms), equity and civil liberties for all Californians. #caleg",en,['caleg'],[],1004065528871247872,1004065528871247872,RobBontaCA,Rob Bonta,2,18,https://twitter.com/RobBontaCA/status/1359325015259287559,[],[],0,,False,8,0,2,https://twitter.com/aclu_calaction/status/1359237172449083395,,,,,,,,[],,,,
5,1359003822794838017,1359003822794838017,1612846735000.0,2021-02-08 20:58:55,-0800,,"The violence &amp; hate-fueled attacks on the #API community, incl our treasured seniors, must end &amp; be condemned, as @VP &amp; I wrote last May! All communities deserve to be seen, valued &amp; protected! Govt at all levels must stop this unacceptable discrimination.  https://t.co/c0OQE3wwSU",en,['api'],[],1004065528871247872,1004065528871247872,RobBontaCA,Rob Bonta,1,20,https://twitter.com/RobBontaCA/status/1359003822794838017,['https://bit.ly/2Z1d3Gt'],[],0,,False,64,3,16,,,,,,,,,[],,,,
6,1357852508316602368,1357852508316602368,1612572240000.0,2021-02-05 16:44:00,-0800,,"All Californians deserve to be protected from predatory hidden fees. College students are no exception! The cost of attending college is too high, and for so many students, every penny counts! #AB403 by @Ash_Kalra takes on the textbook industry and gives students more choice!",en,['ab403'],[],1004065528871247872,1004065528871247872,RobBontaCA,Rob Bonta,5,16,https://twitter.com/RobBontaCA/status/1357852508316602368,[],[],0,,False,7,0,2,https://twitter.com/emilyrusch/status/1357798401849454596,,,,,,,,[],,,,
7,1357502070224429060,1357502070224429060,1612488689000.0,2021-02-04 17:31:29,-0800,,Inspired by &amp; in admiration of the resilience of #SmallBiz dreaming big &amp; working hard/smart amid COVID. Grateful for @GavinNewsom‚Äôs leadership seeing &amp; supporting them w/ CA grants. Shout out to Oakland awardees Cheryl Wilson of ‚ÄúToss &amp; Throws‚Äù &amp; Kehinde Koyejo of ‚ÄúKalm Korner‚Äù!  https://t.co/1YCklphy5m,en,['smallbiz'],[],1004065528871247872,1004065528871247872,RobBontaCA,Rob Bonta,4,17,https://twitter.com/RobBontaCA/status/1357502070224429060,[],"['https://pbs.twimg.com/media/EtbQ8CXUcAELAmb.jpg', 'https://pbs.twimg.com/media/EtbQ8CZUcAAQwaz.jpg']",1,https://pbs.twimg.com/media/EtbQ8CXUcAELAmb.jpg,False,15,1,5,,,,,,,,,[],,,,
8,1357069827366559747,1357069827366559747,1612385634000.0,2021-02-03 12:53:54,-0800,,Thank you Governor for your science-driven leadership &amp; focus on equity throughout this pandemic. California is moving heaven &amp; earth to get as many shots in arms as possible &amp; I‚Äôm thrilled this new mass vaccination site is being stood up in East Oakland!  https://t.co/vbMOzzafVj  https://t.co/du2HncYlpM,en,[],[],1004065528871247872,1004065528871247872,RobBontaCA,Rob Bonta,3,12,https://twitter.com/RobBontaCA/status/1357069827366559747,['https://m.youtube.com/watch?v=-Bp2UGtlRwg'],['https://pbs.twimg.com/media/EtVH0N7VoAAY1Mp.jpg'],1,https://pbs.twimg.com/media/EtVH0N7VoAAY1Mp.jpg,False,39,2,8,,,,,,,,,[],,,,
9,1356774322216464386,1356774322216464386,1612315180000.0,2021-02-02 17:19:40,-0800,,"We came together as @OneNationAAPI and we fought to stop this un-American and discriminatory attack on immigrants! Now, we celebrate and say thank you as @POTUS @JoeBiden signs an Executive Order to rescind Public Charge! #OneNationAAPI, #NoToPublicCharge  https://t.co/2jIZthWSGq",en,"['onenationaapi', 'notopubliccharge']",[],1004065528871247872,1004065528871247872,RobBontaCA,Rob Bonta,2,17,https://twitter.com/RobBontaCA/status/1356774322216464386,[],['https://pbs.twimg.com/media/EtQ6xucU0AID0_R.jpg'],1,https://pbs.twimg.com/media/EtQ6xucU0AID0_R.jpg,False,25,1,1,,,,,,,,,[],,,,
10,1356462983031918594,1356462983031918594,1612240951000.0,2021-02-01 20:42:31,-0800,,Congrats to my friend &amp; new @ACLU President @DeborahNArcher! She‚Äôs the civil rights powerhouse‚Äôs 1st Black president! We met before we attended law school together &amp; I know¬†she‚Äôll do now what she was doing then:¬†Advancing racial justice &amp; liberty for all!  https://t.co/JxkTfVA3vE,en,[],[],1004065528871247872,1004065528871247872,RobBontaCA,Rob Bonta,1,20,https://twitter.com/RobBontaCA/status/1356462983031918594,['https://www.theguardian.com/us-news/2021/feb/01/aclu-deborah-archer-first-black-president'],[],0,,False,28,4,3,,,,,,,,,[],,,,
11,1356407999787491328,1356407999787491328,1612227842000.0,2021-02-01 17:04:02,-0800,,Such respect and admiration for my friend and law school classmate @StaceyAbrams for her work to combat voter suppression and now for her #NobelPeacePrize nomination! Her efforts have made us a more perfect union. So fitting for #BlackHistoryMonth 1st day!  https://t.co/qXL8zkUNvs,en,"['nobelpeaceprize', 'blackhistorymonth']",[],1004065528871247872,1004065528871247872,RobBontaCA,Rob Bonta,1,17,https://twitter.com/RobBontaCA/status/1356407999787491328,['https://bit.ly/39EHRTv'],[],0,,False,677,11,47,,,,,,,,,[],,,,
12,1355561416678367239,1355561416678367239,1612026001000.0,2021-01-30 09:00:01,-0800,,"Today is Fred Korematsu Day! The #Oakland native &amp; fmr #SanLeandro resident was a civil rights icon. He bravely fought Executive Order 9066, which unjustly sent thousands of Japanese Americans to internment camps during WWII. Learn more about his courage @  https://t.co/N9EL6FOoz0  https://t.co/bsH5LLFv0e",en,"['oakland', 'sanleandro']",[],1004065528871247872,1004065528871247872,RobBontaCA,Rob Bonta,6,09,https://twitter.com/RobBontaCA/status/1355561416678367239,['https://bit.ly/2M7W9Dj'],['https://pbs.twimg.com/media/Es9gUhEVoAEG9Qy.png'],1,https://pbs.twimg.com/media/Es9gUhEVoAEG9Qy.png,False,74,0,28,,,,,,,,,[],,,,
13,1354912993499176961,1354912993499176961,1611871405000.0,2021-01-28 14:03:25,-0800,,"The Assembly has voted to protect CA renters by extending the #COVID19 eviction moratorium until 6/30. This is a critical step‚Äî and we know we must do more still.¬†While not perfect, our action will help keep our neighbors in their homes and promote health, safety and well-being!  https://t.co/PKWU4HqQLQ",en,['covid19'],[],1004065528871247872,1004065528871247872,RobBontaCA,Rob Bonta,4,14,https://twitter.com/RobBontaCA/status/1354912993499176961,[],['https://pbs.twimg.com/media/Es2eL-XVkAEWql2.jpg'],1,https://pbs.twimg.com/media/Es2eL-XVkAEWql2.jpg,False,24,1,8,,,,,,,,,[],,,,
14,1354603978252668929,1354603978252668929,1611797730000.0,2021-01-27 17:35:30,-0800,,It‚Äôs an honor to be recognized as one of @cejaaction‚Äôs 2020 Environmental Justice Champions. Proud to partner with you to help ensure communities hit hardest¬†by poverty and pollution benefit¬†the most from California's green advances.,en,[],[],1004065528871247872,1004065528871247872,RobBontaCA,Rob Bonta,3,17,https://twitter.com/RobBontaCA/status/1354603978252668929,[],[],0,,False,25,2,4,https://twitter.com/cejapower/status/1354537282854809600,,,,,,,,[],,,,
15,1354575286935805959,1354575286935805959,1611790889000.0,2021-01-27 15:41:29,-0800,,"On International Holocaust Remembrance Day, #WeRemember the murder of 6 million Jews and millions of others by Nazi Germany. May we honor their memory by standing up against antisemitism, authoritarian abuse of power and hate in all its forms. #NeverForget  https://t.co/YnQf9RarwG  https://t.co/vwgDautE2j",en,"['weremember', 'neverforget']",[],1004065528871247872,1004065528871247872,RobBontaCA,Rob Bonta,3,15,https://twitter.com/RobBontaCA/status/1354575286935805959,['https://bit.ly/3qVclXe'],['https://pbs.twimg.com/media/EsxrC3HUUAIPfZp.jpg'],1,https://pbs.twimg.com/media/EsxrC3HUUAIPfZp.jpg,False,14,0,4,,,,,,,,,[],,,,
16,1354547110452940800,1354547110452940800,1611784172000.0,2021-01-27 13:49:32,-0800,,"Congratulations to our next CA Secretary of State, @AsmShirleyWeber!¬†¬†She‚Äôs a moral giant and a powerful voice for justice. I was honored to vote in support of her confirmation.¬†This display of enormous respect¬†&amp; admiration from her colleagues, me chief among them, is so fitting.  https://t.co/mWEEDAia2q",en,[],[],1004065528871247872,1004065528871247872,RobBontaCA,Rob Bonta,3,13,https://twitter.com/RobBontaCA/status/1354547110452940800,[],[],1,https://pbs.twimg.com/ext_tw_video_thumb/1354547086990012416/pu/img/VmsUkruliG4GmC-f.jpg,False,54,0,7,,,,,,,,,[],,,,
17,1354497458701705217,1354497458701705217,1611772334000.0,2021-01-27 10:32:14,-0800,,"California's money bail system remains unjust, unsafe, and unfair. I'm proud to partner with my colleagues @SenateHertzberg and @NancySkinnerCA to continue our fight. Nothing less than justice for all Californians is at stake.  https://t.co/m5mQG3yIHb",en,[],[],1004065528871247872,1004065528871247872,RobBontaCA,Rob Bonta,3,10,https://twitter.com/RobBontaCA/status/1354497458701705217,['https://www.sacbee.com/opinion/op-ed/article248777195.html'],[],0,,False,27,2,8,,,,,,,,,[],,,,
18,1354208017479200768,1354208017479200768,1611703325000.0,2021-01-26 15:22:05,-0800,,"Yes!!! @POTUS Biden has just ordered the US Justice Dept to end the use of for-profit, private prisons! This has been a key focus for me in CA as we passed similar laws #AB32 #AB3228 and just intro'd the #HOLDAct. We must ensure humane treatment for all!  https://t.co/UGuNbvHuVE",en,"['ab32', 'ab3228', 'holdact']",[],1004065528871247872,1004065528871247872,RobBontaCA,Rob Bonta,2,15,https://twitter.com/RobBontaCA/status/1354208017479200768,['https://bloom.bg/3qXfghQ'],[],0,,False,35,4,6,,,,,,,,,[],,,,
19,1353902699993997312,1353902699993997312,1611630532000.0,2021-01-25 19:08:52,-0800,,"I was proud to co-author #HR10 with my colleague @AsmLisaCalderon which affirms &amp; defends the fundamental right to choose. Make no mistake‚Äîreproductive freedom and access to safe and legal resources, education, support and high-quality reproductive health care is a vital right!  https://t.co/BhCSEDj74W",en,['hr10'],[],1004065528871247872,1004065528871247872,RobBontaCA,Rob Bonta,1,19,https://twitter.com/RobBontaCA/status/1353902699993997312,[],[],1,https://pbs.twimg.com/ext_tw_video_thumb/1353902669350334464/pu/img/8z9kPIsAfqEZuC9m.jpg,False,22,0,4,,,,,,,,,[],,,,
20,1353854095652601856,1353854095652601856,1611618944000.0,2021-01-25 15:55:44,-0800,,"My #AB288 will help CA students achieve their dream of earning a college degree. Low-income students who are fortunate enough to receive a private scholarship, shouldn't be punished by ""scholarship displacement"" &amp; have other school aid be reduced! Info==&gt;  https://t.co/vOJ6B0Ul9e  https://t.co/dqLXss5PE4",en,['ab288'],[],1004065528871247872,1004065528871247872,RobBontaCA,Rob Bonta,1,15,https://twitter.com/RobBontaCA/status/1353854095652601856,['https://bit.ly/2KNTWfz'],['https://pbs.twimg.com/media/EsnV-iKU4AMllHN.jpg'],1,https://pbs.twimg.com/media/EsnV-iKU4AMllHN.jpg,False,35,2,8,,,,,,,,,[],,,,
21,1353763348639145984,1353763348639145984,1611597308000.0,2021-01-25 09:55:08,-0800,,"Thank you @POTUS for repealing the transgender ban on military service! Along w/ removing these discriminatory prohibitions, we must remain vigilant in our efforts to prevent the ongoing discrimination &amp; violence that many community members routinely face.  https://t.co/xXYNDpomZq",en,[],[],1004065528871247872,1004065528871247872,RobBontaCA,Rob Bonta,1,09,https://twitter.com/RobBontaCA/status/1353763348639145984,['https://www.npr.org/sections/president-biden-takes-office/2021/01/25/960338217/biden-repeals-trump-era-ban-on-transgender-soldiers'],[],0,,False,40,3,6,,,,,,,,,[],,,,
22,1353081457812533248,1353081457812533248,1611434733000.0,2021-01-23 12:45:33,-0800,,"If you have a misdemeanor criminal conviction, you could be eligible to have your record expunged &amp; remove barriers to accessing housing, employment &amp; other opportunities. Learn more at  https://t.co/Kgou3h3r2e Thank you to the @NAACP for hosting this important free event on 2/5!  https://t.co/mFaoKMqhBh",en,[],[],1004065528871247872,1004065528871247872,RobBontaCA,Rob Bonta,6,12,https://twitter.com/RobBontaCA/status/1353081457812533248,['https://bit.ly/3a2DMYr'],"['https://pbs.twimg.com/media/EscbDp2VEAIK_fE.png', 'https://pbs.twimg.com/media/EscbDp4UYAE0H12.jpg']",1,https://pbs.twimg.com/media/EscbDp2VEAIK_fE.png,False,27,1,14,,,,,,,,,[],,,,
23,1352776230647422976,1352776230647422976,1611361961000.0,2021-01-22 16:32:41,-0800,,"It's the 48th anniversary of #RoevWade. Access to safe &amp; legal abortion is a vital right that's under constant threat &amp; attack. Even in CA where this right is valued and protected, we can do more like expanding access to reproductive health care, esp. in underserved communities!  https://t.co/GKmjgXR03Z",en,['roevwade'],[],1004065528871247872,1004065528871247872,RobBontaCA,Rob Bonta,5,16,https://twitter.com/RobBontaCA/status/1352776230647422976,[],['https://pbs.twimg.com/media/EsYGCneVoAES8We.jpg'],1,https://pbs.twimg.com/media/EsYGCneVoAES8We.jpg,False,23,0,6,,,,,,,,,[],,,,
24,1352507733463814147,1352507733463814147,1611297946000.0,2021-01-21 22:45:46,-0800,,"I carry the energy &amp; enthusiasm of the Oakland #WomensMarch of the last 4 years! I miss not having a march this year, but I'll let the spark &amp; spirit keep fueling my fight for policies of equality, access &amp; justice! Shout out to these young fierce leaders who raised their voices!  https://t.co/sPZsVkH294",en,['womensmarch'],[],1004065528871247872,1004065528871247872,RobBontaCA,Rob Bonta,4,22,https://twitter.com/RobBontaCA/status/1352507733463814147,[],['https://pbs.twimg.com/media/EsUSnWFVoAIMB-f.jpg'],1,https://pbs.twimg.com/media/EsUSnWFVoAIMB-f.jpg,False,61,2,14,,,,,,,,,[],,,,
25,1352505043916742656,1352505043916742656,1611297305000.0,2021-01-21 22:35:05,-0800,,"I'm relieved to see @CAGovernor's Executive Action to protect California's medical #cannabis patients. By extending their medical ID cards that were expired/expiring, they'll continue to have access to the vital medicine they need! Learn more at  https://t.co/tQKqSzVo7o  https://t.co/YksBR4KlxL",en,['cannabis'],[],1004065528871247872,1004065528871247872,RobBontaCA,Rob Bonta,4,22,https://twitter.com/RobBontaCA/status/1352505043916742656,['https://bit.ly/3o8klCa'],['https://pbs.twimg.com/media/EsUQCvFU0AAZdtx.png'],1,https://pbs.twimg.com/media/EsUQCvFU0AAZdtx.png,False,22,1,3,,,,,,,,,[],,,,
26,1352446825794441216,1352446825794441216,1611283425000.0,2021-01-21 18:43:45,-0800,,Rejoining the #ParisClimateAgreement is embracing science and signaling to the world that the United States will once again be a bold leader and eager partner in addressing this existential threat! Thank you @POTUS for your swift action!  https://t.co/0Wf4SWiqg3,en,['parisclimateagreement'],[],1004065528871247872,1004065528871247872,RobBontaCA,Rob Bonta,4,18,https://twitter.com/RobBontaCA/status/1352446825794441216,['https://nyti.ms/395TzWX'],[],0,,False,28,1,5,,,,,,,,,[],,,,
27,1351937792289325058,1351937792289325058,1611162062000.0,2021-01-20 09:01:02,-0800,,.@KamalaHarris is our Vice President!  A daughter of Oakland!  The first woman and first woman of color to serve as VP!  Her journey will inspire and empower so many who will see in her their own possibility and potential.  What a tremendous moment! #InaugurationDay  https://t.co/iDE1zH7Azq,en,['inaugurationday'],[],1004065528871247872,1004065528871247872,RobBontaCA,Rob Bonta,3,09,https://twitter.com/RobBontaCA/status/1351937792289325058,[],"['https://pbs.twimg.com/media/EsMMQdLVgAIrgUL.jpg', 'https://pbs.twimg.com/media/EsMMQdIU0AA-R9R.jpg']",1,https://pbs.twimg.com/media/EsMMQdLVgAIrgUL.jpg,False,71,0,8,,,,,,,,,[],,,,
28,1351277339737395200,1351277339737395200,1611004597000.0,2021-01-18 13:16:37,-0800,,"It‚Äôs an honor to shine a spotlight on @mlkfreedomctr. Inspired by Founding Chair @RepBarbaraLee &amp; led by current Chair Elihu Harris, this Oakland org promotes youth civic engagement/ethical leadership. Listen to staff member David Gaines' timely msg! #MLK  https://t.co/m2ptpqXdI8",en,['mlk'],[],1004065528871247872,1004065528871247872,RobBontaCA,Rob Bonta,1,13,https://twitter.com/RobBontaCA/status/1351277339737395200,['https://bit.ly/3bN3hiN'],[],0,,False,11,2,2,,,,,,,,,[],,,,
29,1351226238527033350,1351226238527033350,1610992414000.0,2021-01-18 09:53:34,-0800,,"On #MLKDay, we honor a towering and timeless hero who lost his life in the fight for racial and social justice in America. His legacy and teachings remain and resonate today. Dr. King shaped my life as well as my family‚Äôs. Here are my thoughts on how #MLK transformed our world!  https://t.co/T9ACJZgsrX",en,"['mlkday', 'mlk']",[],1004065528871247872,1004065528871247872,RobBontaCA,Rob Bonta,1,09,https://twitter.com/RobBontaCA/status/1351226238527033350,[],[],1,https://pbs.twimg.com/amplify_video_thumb/1351225093377155072/img/-rIQwpEIZh77dsW8.jpg,False,36,0,8,,,,,,,,,[],,,,
30,1350879587325001728,1350879587325001728,1610909766000.0,2021-01-17 10:56:06,-0800,,"I've introduced the #HOLDAct to empower health officials to protect Californians in for-profit, private detention. These facilities must be held accountable &amp; to the same health standards as other congregate care facilities, esp. w/ the threat of #COVID19!  https://t.co/yfjrNAbpDe",en,"['holdact', 'covid19']",[],1004065528871247872,1004065528871247872,RobBontaCA,Rob Bonta,7,10,https://twitter.com/RobBontaCA/status/1350879587325001728,['https://bit.ly/2N13HYo'],[],0,,False,14,0,6,,,,,,,,,[],,,,
31,1350522175510351872,1350522175510351872,1610824552000.0,2021-01-16 11:15:52,-0800,,"I'm honored to receive a 100% score on Equality California's @eqca Legislative Scorecard. Since being elected in 2012, I've received 100% each year for standing with CA's diverse #LGBTQ+ communities. Let's make a CA with more justice &amp; greater inclusion!  https://t.co/NSto11Qbkl  https://t.co/UxCoHZbweA",en,['lgbtq'],[],1004065528871247872,1004065528871247872,RobBontaCA,Rob Bonta,6,11,https://twitter.com/RobBontaCA/status/1350522175510351872,['https://bit.ly/38NcW75'],['https://pbs.twimg.com/media/Er4EXjsVgAAwM9O.png'],1,https://pbs.twimg.com/media/Er4EXjsVgAAwM9O.png,False,38,0,6,,,,,,,,,[],,,,
32,1349548621159489536,1349548621159489536,1610592439000.0,2021-01-13 18:47:19,-0800,,Our East Bay Regional Parks are a treasure! So hard to choose but one of my favorite parks is Crab Cove in Alameda. That's why it was a special honor to swear-in the parks' directors who will be guardians of the @EBRPD. Congratulations! Thank you for your service &amp; stewardship!  https://t.co/C5VAT7AAuR,en,[],[],1004065528871247872,1004065528871247872,RobBontaCA,Rob Bonta,3,18,https://twitter.com/RobBontaCA/status/1349548621159489536,[],"['https://pbs.twimg.com/media/ErqMp49VQAEb8X1.jpg', 'https://pbs.twimg.com/media/ErqMt1nUYAAnF_H.jpg', 'https://pbs.twimg.com/media/ErqMwqLVQAAlzdL.jpg']",1,https://pbs.twimg.com/media/ErqMp49VQAEb8X1.jpg,False,44,2,3,,,,,,,,,[],,,,
33,1348870662010462208,1348870662010462208,1610430801000.0,2021-01-11 21:53:21,-0800,,The Bay Area's available ICU beds continue to drop-- now at 0.7%--about the same as LA &amp; San Joaquin Vly. This doesn't mean there are no beds but it does mean hospitals are moving into their surge/flex capacity. Please wear a mask &amp; follow the health rules! https://t.co/pDKsdGPovW,en,[],[],1004065528871247872,1004065528871247872,RobBontaCA,Rob Bonta,1,21,https://twitter.com/RobBontaCA/status/1348870662010462208,['https://bit.ly/2XtCQWW'],[],0,,False,23,1,10,,,,,,,,,[],,,,
34,1348796997529047042,1348796997529047042,1610413238000.0,2021-01-11 17:00:38,-0800,,"I am Co-Authoring #HR7 calling for the removal of the President through impeachment or the 25th Amendment. The deadly attack on our democracy last week was incited by the President. There must be consequences. Now is the time for unity, but it's also the time for accountability!  https://t.co/Rp3AruOk87",en,['hr7'],[],1004065528871247872,1004065528871247872,RobBontaCA,Rob Bonta,1,17,https://twitter.com/RobBontaCA/status/1348796997529047042,[],[],1,https://pbs.twimg.com/ext_tw_video_thumb/1348796755953946628/pu/img/1iuTeHKfbihNAOT9.jpg,False,58,5,14,,,,,,,,,[],,,,
35,1347671838436937728,1347671838436937728,1610144979000.0,2021-01-08 14:29:39,-0800,,"In spite of the pandemic &amp; economic downturn, we never forgot our values! Those words frame Gov. @GavinNewsom‚Äôs proposed budget. I look forward to reviewing this bold, urgent, and forward-looking plan as the Legislature passes a budget. Bravo Gov. Newsom! Read my full statement:  https://t.co/p6YSxJqFy1",en,[],[],1004065528871247872,1004065528871247872,RobBontaCA,Rob Bonta,5,14,https://twitter.com/RobBontaCA/status/1347671838436937728,[],"['https://pbs.twimg.com/media/ErPkZGeU0AAnCKq.jpg', 'https://pbs.twimg.com/media/ErPkZGeUcAAv-e5.jpg', 'https://pbs.twimg.com/media/ErPkZGcVEAAz_Aq.jpg']",1,https://pbs.twimg.com/media/ErPkZGeU0AAnCKq.jpg,False,215,57,28,,,,,,,,,[],,,,
36,1347418219317846017,1347418219317846017,1610084511000.0,2021-01-07 21:41:51,-0800,,"Even in normal times, an unexpected expense like a car repair can cause hard-working, low-income families to lose their homes or be unable to put food on the table. Cash assistance like the Governor‚Äôs proposed Golden State Stimulus will help millions in CA. https://t.co/IGeljSfG7E",en,[],[],1004065528871247872,1004065528871247872,RobBontaCA,Rob Bonta,4,21,https://twitter.com/RobBontaCA/status/1347418219317846017,['https://bit.ly/3988VZZ'],[],0,,False,44,3,9,,,,,,,,,[],,,,
37,1344394693639954432,1344394693639954432,1609363647000.0,2020-12-30 13:27:27,-0800,,CA is offering critical help to small businesses and nonprofits impacted by COVID-19. The CA Small Biz #COVID19 Relief Grant Program is taking applications Wed 12/30 thru Fri 1/8 at  https://t.co/tNuQsT66zb Also learn about Small Biz Hiring Tax Credits at  https://t.co/yjkulExJFr  https://t.co/QVWa3XjEar,en,['covid19'],[],1004065528871247872,1004065528871247872,RobBontaCA,Rob Bonta,3,13,https://twitter.com/RobBontaCA/status/1344394693639954432,"['https://careliefgrant.com/', 'https://bit.ly/3obunUh']",['https://pbs.twimg.com/media/Eqg_hMBU0AAClww.jpg'],1,https://pbs.twimg.com/media/Eqg_hMBU0AAClww.jpg,False,11,3,10,,,,,,,,,[],,,,
38,1342895062917660672,1342895062917660672,1609006107000.0,2020-12-26 10:08:27,-0800,,"#HappyKwanzaa to everyone celebrating! During the observation of the 7 Guiding Principles of Unity, Self-determination, Collective Work &amp; Responsibility, Cooperative Economics, Purpose, Creativity, and Faith, may you find inspiration and pride!  https://t.co/d3eQHAosRS",en,['happykwanzaa'],[],1004065528871247872,1004065528871247872,RobBontaCA,Rob Bonta,6,10,https://twitter.com/RobBontaCA/status/1342895062917660672,[],[],1,https://pbs.twimg.com/ext_tw_video_thumb/1342895047902023682/pu/img/5pFt64fwzZpgSQGQ.jpg,False,15,1,3,,,,,,,,,[],,,,
39,1342521814908456960,1342521814908456960,1608917118000.0,2020-12-25 09:25:18,-0800,,"To everyone celebrating #Christmas-- whether your family is physically distant or gathered together, I wish you and your loved ones a joyous holiday. May today bring you peace and encouragement for renewed hope and healing in the new year. Please be safe and care for one another!  https://t.co/8o6gNLmLWE",en,['christmas'],[],1004065528871247872,1004065528871247872,RobBontaCA,Rob Bonta,5,09,https://twitter.com/RobBontaCA/status/1342521814908456960,[],['https://pbs.twimg.com/media/EqGYWYwU0AAgVG2.jpg'],1,https://pbs.twimg.com/media/EqGYWYwU0AAgVG2.jpg,False,9,0,0,,,,,,,,,[],,,,
40,1341955030539067393,1341955030539067393,1608781986000.0,2020-12-23 19:53:06,-0800,,"Happy Holidays!   2021 brings us renewed hope, joy and optimism. We all look forward to soon emerging from the pandemic, stronger and as committed as ever to our common future.  Wishing you and your family Greater Peace and Prosperity in the New Year!  The Bonta Family  https://t.co/zlTYsqRIvg",en,[],[],1004065528871247872,1004065528871247872,RobBontaCA,Rob Bonta,3,19,https://twitter.com/RobBontaCA/status/1341955030539067393,[],['https://pbs.twimg.com/media/Ep-U_KlUUAECTdF.jpg'],1,https://pbs.twimg.com/media/Ep-U_KlUUAECTdF.jpg,False,51,0,1,,,,,,,,,[],,,,
41,1341644866078425088,1341644866078425088,1608708037000.0,2020-12-22 23:20:37,-0800,,"I enjoyed reading The Very Hungry Caterpillar with @StephenCurry30 during our Oakland school visit last year. Now with the regular season underway, I wish the hungry @Warriors a healthy and successful 2020-2021 season! #DubNation  https://t.co/rL9K2VKytS",en,['dubnation'],[],1004065528871247872,1004065528871247872,RobBontaCA,Rob Bonta,2,23,https://twitter.com/RobBontaCA/status/1341644866078425088,[],['https://pbs.twimg.com/media/Ep565QxVoAAeeR3.jpg'],1,https://pbs.twimg.com/media/Ep565QxVoAAeeR3.jpg,False,26,0,2,,,,,,,,,[],,,,
42,1341606005595992065,1341606005595992065,1608698772000.0,2020-12-22 20:46:12,-0800,,"Banding together to accomplish shared goals. That‚Äôs the story of California, and it‚Äôs how we make change in this great state. Proud of the @APILegCaucus for all their leadership &amp; for promoting such well-qualified candidates.",en,[],[],1004065528871247872,1004065528871247872,RobBontaCA,Rob Bonta,2,20,https://twitter.com/RobBontaCA/status/1341606005595992065,[],[],0,,False,6,0,0,https://twitter.com/Evan_Low/status/1341520769805795328,,,,,,,,[],,,,
43,1341551435201171456,1341551435201171456,1608685761000.0,2020-12-22 17:09:21,-0800,,"Thrilled to see @GavinNewsom appoint my colleague &amp; friend @AsmShirleyWeber to be CA‚Äôs next Secretary of State! I‚Äôve had the honor of fighting by her side many times to expand justice, equity &amp; inclusion. Dr. Weber is an inspirational leader who brings out the best in all of us!  https://t.co/G72O6ne91p",en,[],[],1004065528871247872,1004065528871247872,RobBontaCA,Rob Bonta,2,17,https://twitter.com/RobBontaCA/status/1341551435201171456,[],['https://pbs.twimg.com/media/Ep4l67ZU0AApvUO.jpg'],1,https://pbs.twimg.com/media/Ep4l67ZU0AApvUO.jpg,False,48,0,4,,,,,,,,,[],,,,
44,1341446983064547328,1341446983064547328,1608660858000.0,2020-12-22 10:14:18,-0800,,"Congratulations to my friend @AlexPadilla4CA on being appointed to the #Senate. This is another important 1st for CA and an inspirational moment for so many Californians. The child of immigrants, Alex has been a wise and tested leader in service to CA. I know that will only grow!  https://t.co/XlBYTOlM4l",en,['senate'],[],1004065528871247872,1004065528871247872,RobBontaCA,Rob Bonta,2,10,https://twitter.com/RobBontaCA/status/1341446983064547328,[],['https://pbs.twimg.com/media/Ep3G6_6UwAAe9n5.jpg'],1,https://pbs.twimg.com/media/Ep3G6_6UwAAe9n5.jpg,False,44,1,2,,,,,,,,,[],,,,
45,1341420036150370305,1341420036150370305,1608654433000.0,2020-12-22 08:27:13,-0800,,"Thank you, @Ann_OLeary, for your service to CA and for the partnership we've had working together on vital legislation these last 2 years. It's been a true privilege! I also look forward to working with another great public servant @JimDeBoo in his new role with our @CAgovernor.",en,[],[],1004065528871247872,1004065528871247872,RobBontaCA,Rob Bonta,2,08,https://twitter.com/RobBontaCA/status/1341420036150370305,[],[],0,,False,6,0,1,,,,,,,,,[],,,,
46,1341271457075060736,1341271457075060736,1608619009000.0,2020-12-21 22:36:49,-0800,,"This was long overdue and badly needed! People have been suffering too long under this pandemic-induced economic downturn &amp; are barely hanging on. This is a start, but much more is needed to help states &amp; local govts provide help for the millions in need!  https://t.co/2JVwnDaXrw",en,[],[],1004065528871247872,1004065528871247872,RobBontaCA,Rob Bonta,1,22,https://twitter.com/RobBontaCA/status/1341271457075060736,['https://www.politico.com/news/2020/12/21/congress-verge-approving-massive-stimulus-449504'],[],0,,False,12,5,3,,,,,,,,,[],,,,
47,1340916929725272064,1340916929725272064,1608534483000.0,2020-12-20 23:08:03,-0800,,"Great news‚Äî a second vaccine is on the way in CA!  As it rolls out, let‚Äôs continue to follow the safety guidelines &amp; fight the surge.  Thank you @gavinnewsom for your ongoing public-health-centered, evidence-based, &amp; science-informed leadership!",en,[],[],1004065528871247872,1004065528871247872,RobBontaCA,Rob Bonta,7,23,https://twitter.com/RobBontaCA/status/1340916929725272064,[],[],0,,False,7,0,0,https://twitter.com/GavinNewsom/status/1340738036066205696,,,,,,,,[],,,,
48,1339697833285283841,1339697833285283841,1608243828000.0,2020-12-17 14:23:48,-0800,,"This is big!! @RepDebHaaland would be the first Native American to lead the @Interior Dept. Another example of the equity, inclusion &amp; justice @JoeBiden &amp; @KamalaHarris will bring to the White House! It's a great moment for Indigenous people everywhere!  https://t.co/gAr6ReKFHC",en,[],[],1004065528871247872,1004065528871247872,RobBontaCA,Rob Bonta,4,14,https://twitter.com/RobBontaCA/status/1339697833285283841,['https://bit.ly/3ayn4C7'],[],0,,False,36,0,6,,,,,,,,,[],,,,
49,1339474475599872003,1339474475599872003,1608190575000.0,2020-12-16 23:36:15,-0800,,"CA‚Äôs police officers must meet the highest standards of conduct, have community trust &amp; reflect CA‚Äôs rich diversity. As a member of the Asm Select Cmte on Police Reform, I was proud to join today‚Äôs hearing exploring ways to accomplish this thru recruitment, training &amp; standards.  https://t.co/Rx1CRIfULG",en,[],[],1004065528871247872,1004065528871247872,RobBontaCA,Rob Bonta,3,23,https://twitter.com/RobBontaCA/status/1339474475599872003,[],"['https://pbs.twimg.com/media/EpbE78EVEAUfzIE.jpg', 'https://pbs.twimg.com/media/EpbE79LUYAAiDOo.jpg']",1,https://pbs.twimg.com/media/EpbE78EVEAUfzIE.jpg,False,21,3,3,,,,,,,,,[],,,,
50,1338699981440471045,1338699981440471045,1608005922000.0,2020-12-14 20:18:42,-0800,,"Pursuant to federal and state law, the #ElectoralCollege  voted today to elect @JoeBiden our next President. This is our democracy at work‚Äî driven by people, policies and values established through free and fair #elections!  https://t.co/wx8L3klP3M",en,"['electoralcollege', 'elections']",[],1004065528871247872,1004065528871247872,RobBontaCA,Rob Bonta,1,20,https://twitter.com/RobBontaCA/status/1338699981440471045,['https://www.nytimes.com/live/2020/12/14/us/joe-biden-trump'],[],0,,False,4,0,0,,,,,,,,,[],,,,
51,1338653032993591296,1338653032993591296,1607994728000.0,2020-12-14 17:12:08,-0800,,"This is a historic day in the ongoing #COVID19 battle! The first scientifically-proven #vaccine is now being given to our health care heroes. Thank you @GavinNewsom for your strong public health-driven leadership! Soon, the vaccines will be available to millions of Californians!",en,"['covid19', 'vaccine']",[],1004065528871247872,1004065528871247872,RobBontaCA,Rob Bonta,1,17,https://twitter.com/RobBontaCA/status/1338653032993591296,[],[],0,,False,4,1,1,https://twitter.com/CAgovernor/status/1338599145246879750,,,,,,,,[],,,,
52,1337835112826748928,1337835112826748928,1607799721000.0,2020-12-12 11:02:01,-0800,,"So happy for Isabel Bueso, my former intern! The House passed a bill by @RepDeSaulnier to allow her &amp; her family to stay in the US for her lifesaving medical treatment at @UCSFBenioffOAK. I urge the Senate to pass this bill! Isabel deserves no less! @SenateDems @SenateGOP",en,[],[],1004065528871247872,1004065528871247872,RobBontaCA,Rob Bonta,6,11,https://twitter.com/RobBontaCA/status/1337835112826748928,[],[],0,,False,8,1,1,https://twitter.com/RepDeSaulnier/status/1337486096771452931,,,,,,,,[],,,,
53,1337277956335398912,1337277956335398912,1607666884000.0,2020-12-10 22:08:04,-0800,,"To everyone celebrating #Hanukkah on the first night of the Festival of Lights, I hope these 8 days bring you greater peace, meaning, and joy! I extend to you a warm and heartfelt #HappyHanukkah  https://t.co/RlhLQ7IGrw",en,"['hanukkah', 'happyhanukkah']",[],1004065528871247872,1004065528871247872,RobBontaCA,Rob Bonta,4,22,https://twitter.com/RobBontaCA/status/1337277956335398912,[],[],1,https://pbs.twimg.com/ext_tw_video_thumb/1337277513622462464/pu/img/W5Tqothe7St7Qq6Q.jpg,False,14,1,4,,,,,,,,,[],,,,
54,1337243390644113408,1337243390644113408,1607658643000.0,2020-12-10 19:50:43,-0800,,I‚Äôm honored to join with the Sacramento Filipino American Lawyers Association (SacFala)‚Äòs 2020 Gala to deliver the keynote. Our FilAm lawyers and professionals are inspiring leaders who are dedicated to serving Californians and fighting for justice. Thank you for the invitation!  https://t.co/skGsK0MeDi,en,[],[],1004065528871247872,1004065528871247872,RobBontaCA,Rob Bonta,4,19,https://twitter.com/RobBontaCA/status/1337243390644113408,[],"['https://pbs.twimg.com/media/Eo7XTyxU0AEy1Wq.jpg', 'https://pbs.twimg.com/media/Eo7XW1fUwAALGMh.jpg']",1,https://pbs.twimg.com/media/Eo7XTyxU0AEy1Wq.jpg,False,21,1,3,,,,,,,,,[],,,,
55,1337189227973365762,1337189227973365762,1607645730000.0,2020-12-10 16:15:30,-0800,,"Thanks @HealthAccess. So honored to receive a perfect 100% on your 2020 Legislative Scorecard for the 2nd year in a row! More importantly, I'm appreciative of your important work and our partnership to promote and expand quality and affordable health care!  https://t.co/XRpWc4tb2H  https://t.co/lCryHeeu3h",en,[],[],1004065528871247872,1004065528871247872,RobBontaCA,Rob Bonta,4,16,https://twitter.com/RobBontaCA/status/1337189227973365762,['https://bit.ly/3ov9u66'],['https://pbs.twimg.com/media/Eo6l0ElU0AAkDYc.jpg'],1,https://pbs.twimg.com/media/Eo6l0ElU0AAkDYc.jpg,False,6,1,1,,,,,,,,,[],,,,
56,1335764277295083521,1335764277295083521,1607305995000.0,2020-12-06 17:53:15,-0800,,"Congratulations to my friend @XavierBecerra on his selection as #HHS Secy! I‚Äôve had the privilege to work w/him on human trafficking, crim justice reform, reducing gun violence, defending our immigrants &amp; ensuring access to social services. He's the epitome of talent &amp; integrity!  https://t.co/bxt7S8iJtT",en,['hhs'],[],1004065528871247872,1004065528871247872,RobBontaCA,Rob Bonta,7,17,https://twitter.com/RobBontaCA/status/1335764277295083521,[],['https://pbs.twimg.com/media/EomWOYIUcAAHNBf.jpg'],1,https://pbs.twimg.com/media/EomWOYIUcAAHNBf.jpg,False,88,2,8,,,,,,,,,[],,,,
57,1335274061295808512,1335274061295808512,1607189119000.0,2020-12-05 09:25:19,-0800,,"Most of the #BayArea will start new #COVID19 stay-at-home restrictions faster than expected. Five counties, including Alameda, have decided to implement the new orders even before the state‚Äôs own order takes effect. This science-based move WILL save lives!  https://t.co/RFXn2DFoPD",en,"['bayarea', 'covid19']",[],1004065528871247872,1004065528871247872,RobBontaCA,Rob Bonta,6,09,https://twitter.com/RobBontaCA/status/1335274061295808512,['https://bit.ly/3lIIPB4'],[],0,,False,17,1,3,,,,,,,,,[],,,,
58,1334991344977104897,1334991344977104897,1607121714000.0,2020-12-04 14:41:54,-0800,,"CA‚Äôs new regional #STAYATHOME order to fight the spread of #COVID19 will begin once available hospital ICU beds drop below 15%. This life-saving move is expected to start in the #BayArea in mid-to-late December, but sooner in the rest of CA. Read more at  https://t.co/CrZR9bBDHu  https://t.co/YSlAUD3KkR",en,"['stayathome', 'covid19', 'bayarea']",[],1004065528871247872,1004065528871247872,RobBontaCA,Rob Bonta,5,14,https://twitter.com/RobBontaCA/status/1334991344977104897,['https://bit.ly/37Cdfj7'],['https://pbs.twimg.com/media/EobXDB9UYAcyRON.jpg'],1,https://pbs.twimg.com/media/EobXDB9UYAcyRON.jpg,False,7,1,1,,,,,,,,,[],,,,
59,1333588152632496128,1333588152632496128,1606787167000.0,2020-11-30 17:46:07,-0800,,"CA is providing additional help to small businesses struggling w/ the impact of #COVID19. The help comes in the form of tax deferrals, interest-free tax payments, loans &amp; grants. We know small businesses are the engine of our CA economy &amp; need this support! https://t.co/7j6hgAtpmE  https://t.co/KRz8K8H4LQ",en,['covid19'],[],1004065528871247872,1004065528871247872,RobBontaCA,Rob Bonta,1,17,https://twitter.com/RobBontaCA/status/1333588152632496128,['https://bit.ly/3lqo50L'],['https://pbs.twimg.com/media/EoHarflVgAQe4Wg.png'],1,https://pbs.twimg.com/media/EoHarflVgAQe4Wg.png,False,6,2,1,,,,,,,,,[],,,,
60,1333585600717287424,1333585600717287424,1606786558000.0,2020-11-30 17:35:58,-0800,,"CA may add #COVID19 restrictions in Purple tier counties as projections show hospitals could be filled to capacity or beyond within 25 days, unless people take drastic steps to limit the virus' spread!   https://t.co/2V1dM8MYLR",en,['covid19'],[],1004065528871247872,1004065528871247872,RobBontaCA,Rob Bonta,1,17,https://twitter.com/RobBontaCA/status/1333585600717287424,['https://www.sfchronicle.com/politics/article/California-may-need-new-stay-at-home-order-to-15763944.php'],[],0,,False,4,1,1,,,,,,,,,[],,,,
61,1332054898490236948,1332054898490236948,1606421610000.0,2020-11-26 12:13:30,-0800,,"Mia and I and our family wish you a happy, healthy, &amp; safe Thanksgiving! I know this year continues to be full of challenges, obstacles &amp; pain. And I also know that because of our collective perseverance, resilience &amp; strength, we will get through these difficult times stronger.  https://t.co/OfvsiFF4x9",en,[],[],1004065528871247872,1004065528871247872,RobBontaCA,Rob Bonta,4,12,https://twitter.com/RobBontaCA/status/1332054898490236948,[],"['https://pbs.twimg.com/media/EnxkEeIVQAAcneQ.jpg', 'https://pbs.twimg.com/media/EnxnX47UYAAQu6f.png']",1,https://pbs.twimg.com/media/EnxkEeIVQAAcneQ.jpg,False,11,0,1,,,,,,,,,[],,,,
62,1329998390990520321,1329998390990520321,1605931301000.0,2020-11-20 20:01:41,-0800,,Small businesses can now apply for affordable loans through the CA Rebuilding Fund. This public-private effort was conceived by the Governor‚Äôs Task Force on Business &amp; Jobs Recovery. We know our small businesses need support &amp; this is another tool to help.  https://t.co/vJ1tFxHhnf,en,[],[],1004065528871247872,1004065528871247872,RobBontaCA,Rob Bonta,5,20,https://twitter.com/RobBontaCA/status/1329998390990520321,['https://bit.ly/393X7cO'],[],0,,False,19,1,14,,,,,,,,,[],,,,
63,1329635593991507968,1329635593991507968,1605844803000.0,2020-11-19 20:00:03,-0800,,I was deeply moved hearing the personal &amp; family stories of Californians turned over to #ICE after completing their @CACorrections time &amp; being deemed ready for release. This isn‚Äôt who we are or consistent w/ #OurCAValues! We must end direct ICE transfers!  https://t.co/MxCtDneR0h  https://t.co/R1eDEfCUfZ,en,"['ice', 'ourcavalues']",[],1004065528871247872,1004065528871247872,RobBontaCA,Rob Bonta,4,20,https://twitter.com/RobBontaCA/status/1329635593991507968,['https://bit.ly/3fk7HNJ'],[],1,https://pbs.twimg.com/amplify_video_thumb/1329507109675831296/img/zONBGYUjQ_lzf2BY.jpg,False,44,3,11,,,,,,,,,[],,,,
64,1329577120226373632,1329577120226373632,1605830862000.0,2020-11-19 16:07:42,-0800,,"Over the last week, CA has recorded 10,000+ new #COVID19 cases each day! @LATimes says this is worse than during last summer's spike. Health experts are now worried about hospital capacity. Let's all do what we can to slow the spread!  https://t.co/G494iOMlOF",en,['covid19'],[],1004065528871247872,1004065528871247872,RobBontaCA,Rob Bonta,4,16,https://twitter.com/RobBontaCA/status/1329577120226373632,['https://lat.ms/3ff3zOW'],[],0,,False,3,0,3,,,,,,,,,[],,,,
65,1329565278477291520,1329565278477291520,1605828039000.0,2020-11-19 15:20:39,-0800,,"To fight the rapid spread of #COVID19, CA is implementing a limited #StayAtHome order for people living in the purple tier counties like #Alameda. This will require people to stay home and not take part in social activities from 10p-5a starting Saturday.  https://t.co/6muOKtGJXS",en,"['covid19', 'stayathome', 'alameda']",[],1004065528871247872,1004065528871247872,RobBontaCA,Rob Bonta,4,15,https://twitter.com/RobBontaCA/status/1329565278477291520,['https://bit.ly/35MjC3H'],[],0,,False,4,2,1,,,,,,,,,[],,,,
66,1328954947489177601,1328954947489177601,1605682524000.0,2020-11-17 22:55:24,-0800,,CA's face mask rules are changing to combat rising #COVID19 cases. People must now #WearAMask outside the home unless:  -in their car alone or w/ people they live with.  -working alone in an office  -outside &amp; able to stay 6 ft apart  More detailed info at  https://t.co/8XR6NxkPJN  https://t.co/FIvqIn5bmr,en,"['covid19', 'wearamask']",[],1004065528871247872,1004065528871247872,RobBontaCA,Rob Bonta,2,22,https://twitter.com/RobBontaCA/status/1328954947489177601,['https://bit.ly/35KiQo9'],['https://pbs.twimg.com/media/EnFlexGXUAAQ0e8.jpg'],1,https://pbs.twimg.com/media/EnFlexGXUAAQ0e8.jpg,False,12,0,5,,,,,,,,,[],,,,
67,1328907054547828737,1327336465659883520,1605671106000.0,2020-11-17 19:45:06,-0800,,@TerrableMe Thanks for your response! I know many Californians are barely hanging on and need more assistance. I introduced ACA 10 this past legislative session which would make housing a human right:  https://t.co/fous4JomLS   This is an effort I know we'll need to continue in 2021.,en,[],[],1004065528871247872,1004065528871247872,RobBontaCA,Rob Bonta,2,19,https://twitter.com/RobBontaCA/status/1328907054547828737,['http://leginfo.legislature.ca.gov/faces/billTextClient.xhtml?bill_id=201920200ACA10'],[],0,,False,0,0,0,,,,,,,,,"[{'screen_name': 'TerrableMe', 'name': 'Terra Melody', 'id': '249317127'}]",,,,
68,1328906089778221057,1327336465659883520,1605670876000.0,2020-11-17 19:41:16,-0800,,@BARTAficianado I agree the more we can do to remove barriers to prevention and testing the better. I know about 2/3 of tests results in CA are returned within a day and testing capacity is continuing to increase. Thanks for sharing your idea!,en,[],[],1004065528871247872,1004065528871247872,RobBontaCA,Rob Bonta,2,19,https://twitter.com/RobBontaCA/status/1328906089778221057,[],[],0,,False,1,1,0,,,,,,,,,"[{'screen_name': 'BARTAficianado', 'name': 'former BART aficionado', 'id': '414336390'}]",,,,
69,1328904376350490627,1327336465659883520,1605670467000.0,2020-11-17 19:34:27,-0800,,@HydroCycler @Kusandra Hey there! Thanks for chiming in. Grey water collection and other green ideas on new construction hold promise. There is a lot that can be done in this space.,en,[],[],1004065528871247872,1004065528871247872,RobBontaCA,Rob Bonta,2,19,https://twitter.com/RobBontaCA/status/1328904376350490627,[],[],0,,False,1,1,0,,,,,,,,,"[{'screen_name': 'HydroCycler', 'name': 'Elizabeth Dougherty, Ph.D.', 'id': '2931524053'}, {'screen_name': 'Kusandra', 'name': 'Kusandra', 'id': '17602128'}]",,,,
70,1328901642138255362,1327336465659883520,1605669815000.0,2020-11-17 19:23:35,-0800,,@BikesOnTransit Thanks for your response. I'm a huge believer in and user of public transit myself. What do you think would be the key parts of this system? Love to hear more!,en,[],[],1004065528871247872,1004065528871247872,RobBontaCA,Rob Bonta,2,19,https://twitter.com/RobBontaCA/status/1328901642138255362,[],[],0,,False,0,1,0,,,,,,,,,"[{'screen_name': 'BikesOnTransit', 'name': 'evie liao ÂªñÂØ¨üìï', 'id': '1315723541308817408'}]",,,,
71,1328898679193829377,1327336465659883520,1605669109000.0,2020-11-17 19:11:49,-0800,,"@bellachu10 Hi Bella, thanks for the suggestion! Sounds like an interesting idea. I'd like to hear more. Keep an eye out or  for a DM. Thanks!",en,[],[],1004065528871247872,1004065528871247872,RobBontaCA,Rob Bonta,2,19,https://twitter.com/RobBontaCA/status/1328898679193829377,[],[],0,,False,1,0,0,,,,,,,,,"[{'screen_name': 'bellachu10', 'name': 'Bella Chu', 'id': '857625949990301697'}]",,,,
72,1328778913137315841,1328778913137315841,1605640555000.0,2020-11-17 11:15:55,-0800,,"Applications for @AlamedaCounty CARES grants are now open! Grant programs provide $5,000 to support eligible small businesses impacted by COVID-19. Applications are being accepted online now through November 30, 2020. Learn more &amp; apply today here:  https://t.co/l4QpFoDiB8  https://t.co/ZbmiVz0Tj4",en,[],[],1004065528871247872,1004065528871247872,RobBontaCA,Rob Bonta,2,11,https://twitter.com/RobBontaCA/status/1328778913137315841,['https://eastbayeda.org/grants/'],['https://pbs.twimg.com/media/EnDFYM0VQAcK2a_.jpg'],1,https://pbs.twimg.com/media/EnDFYM0VQAcK2a_.jpg,False,2,0,1,,,,,,,,,[],,,,
73,1328763571598069760,1328763571598069760,1605636897000.0,2020-11-17 10:14:57,-0800,,"On Wednesday, Alameda Co. moves to the most restrictive Purple Tier of the state's #COVID19 scale. With widespread rise in cases &amp; hospitalizations, we must double our efforts to be safe &amp; follow the guidelines esp. with the upcoming holidays. Read more at  https://t.co/v9qDq9lkNk  https://t.co/K9nFv7cxHO",en,['covid19'],[],1004065528871247872,1004065528871247872,RobBontaCA,Rob Bonta,2,10,https://twitter.com/RobBontaCA/status/1328763571598069760,['https://bit.ly/36KDfs7'],['https://pbs.twimg.com/media/EnC3bRfVkAEi8Tm.jpg'],1,https://pbs.twimg.com/media/EnC3bRfVkAEi8Tm.jpg,False,6,1,1,,,,,,,,,[],,,,
74,1328761818286682112,1328761818286682112,1605636479000.0,2020-11-17 10:07:59,-0800,,"Grants are now available for @AlamedaCounty nonprofit arts &amp; cultural orgs affected by COVID-19. Awards range from $5k-$25k. Applications are due this Fri., 11/20 by 5pm. In times of pain, art helps us heal. Click here for guidelines &amp; applications!  https://t.co/R1VPLtSe7C  https://t.co/PZI4Z9Es5y",en,[],[],1004065528871247872,1004065528871247872,RobBontaCA,Rob Bonta,2,10,https://twitter.com/RobBontaCA/status/1328761818286682112,['https://tinyurl.com/y6qzqeak'],['https://pbs.twimg.com/media/EnC11MKVgAABKb8.jpg'],1,https://pbs.twimg.com/media/EnC11MKVgAABKb8.jpg,False,3,1,2,,,,,,,,,[],,,,
75,1327758300398592000,1327758300398592000,1605397222000.0,2020-11-14 15:40:22,-0800,,"Thank you @CLSBA for hosting an important discussion on how different levels of government can work and collaborate together to create policy solutions through a lens of equity that help students, parents, teachers, staff, and communities succeed!  https://t.co/GCS28i4s2j",en,[],[],1004065528871247872,1004065528871247872,RobBontaCA,Rob Bonta,6,15,https://twitter.com/RobBontaCA/status/1327758300398592000,[],['https://pbs.twimg.com/media/Em0lIgkUUAA_wNr.jpg'],1,https://pbs.twimg.com/media/Em0lIgkUUAA_wNr.jpg,False,13,1,3,,,,,,,,,[],,,,
76,1327509172804485120,1327509172804485120,1605337825000.0,2020-11-13 23:10:25,-0800,,"Thank you, @WatsonvilleCity and Mayor Rebecca J. Garcia for recognizing the pain caused by the racist anti-Filipino #WatsonvilleRiots. 90 years later, this historic apology begins a path of healing and remembrance for the #Filipino American community.¬†  https://t.co/UW7E1aBN1a",en,"['watsonvilleriots', 'filipino']",[],1004065528871247872,1004065528871247872,RobBontaCA,Rob Bonta,5,23,https://twitter.com/RobBontaCA/status/1327509172804485120,['https://tinyurl.com/yy9hrcbb'],[],0,,False,26,0,9,,,,,,,,,[],,,,
77,1327396502419894272,1327396502419894272,1605310962000.0,2020-11-13 15:42:42,-0800,,"During #TransAwarenessWeek, let‚Äôs recognize &amp; advocate for greater visibility, protection, dignity &amp; rights of trans, non-binary &amp; gender-expansive people everywhere. We must raise awareness to end the violence &amp; discrimination faced by members of the #trans community! #CA4All  https://t.co/cy9Zq49LU4",en,"['transawarenessweek', 'trans', 'ca4all']",[],1004065528871247872,1004065528871247872,RobBontaCA,Rob Bonta,5,15,https://twitter.com/RobBontaCA/status/1327396502419894272,[],['https://pbs.twimg.com/media/EmvcFTNUYAA9WCR.jpg'],1,https://pbs.twimg.com/media/EmvcFTNUYAA9WCR.jpg,False,15,0,4,,,,,,,,,[],,,,
78,1327336465659883520,1327336465659883520,1605296648000.0,2020-11-13 11:44:08,-0800,,Hey CA &amp; East Bay! Do you have an idea that you think should be a law? I want to hear from you! The more transformative &amp; impactful the better! All ideas are welcome! Bills will be introduced starting Dec. 7. Make sure your idea is heard! Let's build a #CaliforniaForAll together!  https://t.co/qkMte1Pnm6,en,['californiaforall'],[],1004065528871247872,1004065528871247872,RobBontaCA,Rob Bonta,5,11,https://twitter.com/RobBontaCA/status/1327336465659883520,[],['https://pbs.twimg.com/media/EmulEIqVQAAUyUy.jpg'],1,https://pbs.twimg.com/media/EmulEIqVQAAUyUy.jpg,False,39,54,17,,,,,,,,,[],,,,
79,1327104688244736000,1327104688244736000,1605241388000.0,2020-11-12 20:23:08,-0800,,Enjoyed my time with @VICASFValley at their Annual State Officeholders Dinner #2020 style! Appreciate the casual evening. No deep policy discussions this time-- just fun conversation and getting to know each other better! TY @CameronOnumah for some high-level hosting!  https://t.co/X7vSz3Xpcn,en,[],[],1004065528871247872,1004065528871247872,RobBontaCA,Rob Bonta,4,20,https://twitter.com/RobBontaCA/status/1327104688244736000,[],['https://pbs.twimg.com/media/EmrSrjGUYAIzmk-.jpg'],1,https://pbs.twimg.com/media/EmrSrjGUYAIzmk-.jpg,False,5,0,1,,,,,,,,,[],,,,
80,1326722736421367815,1326722736421367815,1605150324000.0,2020-11-11 19:05:24,-0800,,Grateful to The Alvarado Project &amp; the Filipino American Arts Exposition for hosting this moving forum honoring the 76th Anniversary of the Leyte Gulf Landing &amp; the stories of WWII War Brides.  Thank you to our #FilAm veterans &amp; their families for your sacrifice! #VeteransDay  https://t.co/1CByXL7K8N,en,"['filam', 'veteransday']",[],1004065528871247872,1004065528871247872,RobBontaCA,Rob Bonta,3,19,https://twitter.com/RobBontaCA/status/1326722736421367815,[],['https://pbs.twimg.com/media/Eml3PfOVgAEHcqj.jpg'],1,https://pbs.twimg.com/media/Eml3PfOVgAEHcqj.jpg,False,9,0,3,,,,,,,,,[],,,,
81,1326678923720024067,1326678923720024067,1605139878000.0,2020-11-11 16:11:18,-0800,,I know @JoeBiden and @KamalaHarris will prioritize the #ClimateCrisis w/ the urgency it deserves. I'm excited to see my #BuyClean law suggested as an element of that solution! Let's align Gov purchasing power w/ our values to fight this existential threat!  https://t.co/FrywkyCfDe,en,"['climatecrisis', 'buyclean']",[],1004065528871247872,1004065528871247872,RobBontaCA,Rob Bonta,3,16,https://twitter.com/RobBontaCA/status/1326678923720024067,['https://wapo.st/36nk8V0'],[],0,,False,13,0,1,,,,,,,,,[],,,,
82,1326676698411098112,1326676698411098112,1605139348000.0,2020-11-11 16:02:28,-0800,,"Join us this #VeteransDay from 6pm-7pm as we celebrate the 76th Anniversary of the Leyte Gulf Landing in a  Virtual Forum to Remember the Stories of WWII War Brides, hosted by The Alvarado Project and the Filipino American Arts Exposition (FAAE). See you there!  https://t.co/wQYMwvOotv",en,['veteransday'],[],1004065528871247872,1004065528871247872,RobBontaCA,Rob Bonta,3,16,https://twitter.com/RobBontaCA/status/1326676698411098112,[],['https://pbs.twimg.com/media/EmlNYmLU4AAS_lP.jpg'],1,https://pbs.twimg.com/media/EmlNYmLU4AAS_lP.jpg,False,4,0,2,,,,,,,,,[],,,,
83,1326673363431927808,1326673363431927808,1605138552000.0,2020-11-11 15:49:12,-0800,,Happy #VeteransDay! Join District 18's Veteran of the Year organization @vetshelpingvets tonight at 6:30pm as we show our deep appreciation for all of the brave individuals who dutifully served our country.  https://t.co/gsJ1RnxMfz  https://t.co/AHQDVmwsqF,en,['veteransday'],[],1004065528871247872,1004065528871247872,RobBontaCA,Rob Bonta,3,15,https://twitter.com/RobBontaCA/status/1326673363431927808,['https://tinyurl.com/y4wghw3g'],['https://pbs.twimg.com/media/EmlKVErU8AAfhGl.jpg'],1,https://pbs.twimg.com/media/EmlKVErU8AAfhGl.jpg,False,4,0,1,,,,,,,,,[],,,,
84,1326396699233951751,1326396699233951751,1605072591000.0,2020-11-10 21:29:51,-0800,,"I appreciate @GavinNewsom's pardon of Somdeng Danny Thongsy and his belief in people, rehabilitation, and redemption. I wrote to support Danny, who fled war as a child, was incarcerated for 2 decades for poor choices as a teen, and now has transformed his life and helps others.  https://t.co/lirlPdY2q2",en,[],[],1004065528871247872,1004065528871247872,RobBontaCA,Rob Bonta,2,21,https://twitter.com/RobBontaCA/status/1326396699233951751,[],['https://pbs.twimg.com/media/EmhOJRiXEAEndav.jpg'],1,https://pbs.twimg.com/media/EmhOJRiXEAEndav.jpg,False,66,4,5,,,,,,,,,[],,,,
85,1326210926605819905,1326210926605819905,1605028299000.0,2020-11-10 09:11:39,-0800,,"CA is leading the fight to defend the #ACA, a law that's successfully protected millions w/ pre-existing conditions. Obviously during a pandemic, and any time, health care is a right, not a privilege; for all, not the few. CA will defend that right! #CAvTX  https://t.co/edld2BP1o5",en,"['aca', 'cavtx']",[],1004065528871247872,1004065528871247872,RobBontaCA,Rob Bonta,2,09,https://twitter.com/RobBontaCA/status/1326210926605819905,['https://bit.ly/3lh7Lju'],[],0,,False,12,1,2,,,,,,,,,[],,,,
86,1325981245189230593,1325981245189230593,1604973539000.0,2020-11-09 17:58:59,-0800,,"Thank you @DisneyUK for this heart-warming celebration of Filipino immigrant families. While our holidays may look a little different this year, we know that love is what keeps us close and what makes the season special. Happy holidays! Maligayang Pasko! #FromOurFamilyToYours",en,['fromourfamilytoyours'],[],1004065528871247872,1004065528871247872,RobBontaCA,Rob Bonta,1,17,https://twitter.com/RobBontaCA/status/1325981245189230593,[],[],0,,False,5,0,1,https://twitter.com/Disney_UK/status/1325589167003201536,,,,,,,,[],,,,
87,1325978786249105409,1325978786249105409,1604972952000.0,2020-11-09 17:49:12,-0800,,"1.5 mil Californians rely on @CoveredCA for high-quality, accessible &amp; affordable health care! It‚Äôs time to renew/enroll for 2021! If you‚Äôre a member, visit  https://t.co/51qzT3EqrP or new enrollees click on  https://t.co/1zLgoRpHIv Especially now w/ #COVID19, we need #CoveredCA!  https://t.co/lTT3gD0MQI",en,"['covid19', 'coveredca']",[],1004065528871247872,1004065528871247872,RobBontaCA,Rob Bonta,1,17,https://twitter.com/RobBontaCA/status/1325978786249105409,"['https://covrdca.com/2RCzK04', 'http://www.coveredca.com']",['https://pbs.twimg.com/media/EmbSezdVkAAqXLs.jpg'],1,https://pbs.twimg.com/media/EmbSezdVkAAqXLs.jpg,False,5,0,1,,,,,,,,,[],,,,
88,1325925702923812866,1325925702923812866,1604960296000.0,2020-11-09 14:18:16,-0800,,"CA‚Äôs #COVID19 numbers are continuing to rise. We must stay focused on wearing masks &amp; limiting contact w/ people we don‚Äôt live with! Although there was very welcome vaccine news today by @Pfizer, distribution is likely still months away. Pls stay vigilant!  https://t.co/rm7C2EcsEu",en,['covid19'],[],1004065528871247872,1004065528871247872,RobBontaCA,Rob Bonta,1,14,https://twitter.com/RobBontaCA/status/1325925702923812866,['https://bit.ly/2U9sUQX'],[],0,,False,12,0,6,,,,,,,,,[],,,,
89,1324467961000726529,1324467961000726529,1604612743000.0,2020-11-05 13:45:43,-0800,,Join us!,en,[],[],1004065528871247872,1004065528871247872,RobBontaCA,Rob Bonta,4,13,https://twitter.com/RobBontaCA/status/1324467961000726529,[],[],0,,False,1,0,0,https://twitter.com/clsba/status/1324465134715105280,,,,,,,,[],,,,
90,1323808883773599744,1323808883773599744,1604455607000.0,2020-11-03 18:06:47,-0800,,"Thanks, @CAgov Newsom for visiting #Oakland this #ElectionDay! Put your own ‚Äúspin‚Äù on democracy and #vote! Polls are open until 8pm. If you‚Äôre still in line at 8pm, #StayInLine. #VoteByMail ballots must be postmarked by today (Nov 3). Don‚Äôt sit this one out - vote!!",en,"['oakland', 'electionday', 'vote', 'stayinline', 'votebymail']",[],1004065528871247872,1004065528871247872,RobBontaCA,Rob Bonta,2,18,https://twitter.com/RobBontaCA/status/1323808883773599744,[],[],0,,False,9,3,2,https://twitter.com/GavinNewsom/status/1323741225892024320,,,,,,,,[],,,,
91,1323754503770796032,1323754503770796032,1604442642000.0,2020-11-03 14:30:42,-0800,,Hey CA! Today is the LAST day to vote! Polls close at 8PM.   Not registered? No problem! In CA you can still register at your polling location.   Not sure where that is? Find it here:  https://t.co/YIayTLU1SP  If you are in line by 8PM you CAN vote!  Be safe &amp; happy voting! üó≥üá∫üá∏,en,[],[],1004065528871247872,1004065528871247872,RobBontaCA,Rob Bonta,2,14,https://twitter.com/RobBontaCA/status/1323754503770796032,['https://www.sos.ca.gov/elections/polling-place'],[],0,,False,15,1,6,,,,,,,,,[],,,,
92,1323490193354104833,1323490193354104833,1604379626000.0,2020-11-02 21:00:26,-0800,,"Illinois courts ruled today that the Trump administrations‚Äô public charge rule should permanently be blocked from implementation nationwide. While this is good news, the fight is not over. We must continue to stand with our immigrant communities!  https://t.co/u2eKJdnB3D",en,[],[],1004065528871247872,1004065528871247872,RobBontaCA,Rob Bonta,1,21,https://twitter.com/RobBontaCA/status/1323490193354104833,['https://tinyurl.com/y4529839'],[],0,,False,9,1,2,,,,,,,,,[],,,,
93,1323470996196761602,1323470996196761602,1604375049000.0,2020-11-02 19:44:09,-0800,,"As #FilipinoAmericanHistoryMonth comes to a close, we're reminded that our actions, our destinies, and our freedom are bound together. Let's build a more equitable and just nation and a better #CaliforniaForAll #FAHM  https://t.co/CATUGX3glb",en,"['filipinoamericanhistorymonth', 'californiaforall', 'fahm']",[],1004065528871247872,1004065528871247872,RobBontaCA,Rob Bonta,1,19,https://twitter.com/RobBontaCA/status/1323470996196761602,['https://tinyurl.com/y492v3my'],[],0,,False,19,1,6,,,,,,,,,[],,,,
94,1323429692263796737,1323429692263796737,1604365201000.0,2020-11-02 17:00:01,-0800,,"You have a #RightToVote. If you believe you have been denied any of these rights, or you are aware of any election fraud or misconduct, call the Secretary of State's confidential toll-free Voter Hotline at (800)345-VOTE (8683).#VoteSafeCA #Vote2020  https://t.co/obxuRFR5GC  https://t.co/mUAy2hfrsE",en,"['righttovote', 'votesafeca', 'vote2020']",[],1004065528871247872,1004065528871247872,RobBontaCA,Rob Bonta,1,17,https://twitter.com/RobBontaCA/status/1323429692263796737,['https://www.sos.ca.gov/elections/voter-bill-rights'],[],1,https://pbs.twimg.com/ext_tw_video_thumb/1323374536390189056/pu/img/vnjICDTB8gL5DRJh.jpg,False,7,2,2,,,,,,,,,[],,,,
95,1323365665709846528,1323365665709846528,1604349936000.0,2020-11-02 12:45:36,-0800,,"Shout-out to @StephCurry30 for showing #DubNation how #democracy is done! Make sure your mail-in-ballot is postmarked by tomorrow, Nov. 3, drop your ballot off at an official dropbox, or go to a polling station near you today! #Vote  https://t.co/KD4F7ANGFn",en,"['dubnation', 'democracy', 'vote']",[],1004065528871247872,1004065528871247872,RobBontaCA,Rob Bonta,1,12,https://twitter.com/RobBontaCA/status/1323365665709846528,['https://tinyurl.com/y5qwlahp'],[],0,,False,19,0,3,,,,,,,,,[],,,,
96,1323339543295062016,1323339543295062016,1604343708000.0,2020-11-02 11:01:48,-0800,,"Tomorrow is #ElectionDay! Do you have a plan to #vote? You can still register to vote in CA. Your voice matters &amp; this election is crucial. Democracy is not a spectator sport, so get involved! For more information on where &amp; how to vote, visit  https://t.co/byCqi8dlH5 #VoteSafeCA  https://t.co/j1yzkBVLeP",en,"['electionday', 'vote', 'votesafeca']",[],1004065528871247872,1004065528871247872,RobBontaCA,Rob Bonta,1,11,https://twitter.com/RobBontaCA/status/1323339543295062016,['https://www.acvote.org/index'],['https://pbs.twimg.com/media/El1yHCEU0AAD8VJ.png'],1,https://pbs.twimg.com/media/El1yHCEU0AAD8VJ.png,False,4,0,1,,,,,,,,,[],,,,
97,1322273421816836096,1322251911131664385,1604089525000.0,2020-10-30 13:25:25,-0800,,@NeverSassyLaura Thank you for your kind words Laura! Let‚Äôs get more housing built together!,en,[],[],1004065528871247872,1004065528871247872,RobBontaCA,Rob Bonta,5,13,https://twitter.com/RobBontaCA/status/1322273421816836096,[],[],0,,False,1,0,0,,,,,,,,,"[{'screen_name': 'NeverSassyLaura', 'name': 'Laura Foote üåÉ', 'id': '743919973576249344'}]",,,,
98,1322217961059307520,1322217961059307520,1604076302000.0,2020-10-30 09:45:02,-0800,,"Loved exploring issues of race, discrimination, and opportunity with the amazing @lisaling, Dr. Paul Song, and @kiwashina! Thanks to @Endeavor and Asian Coalition of Endeavor for hosting this critical discussion! @THR",en,[],[],1004065528871247872,1004065528871247872,RobBontaCA,Rob Bonta,5,09,https://twitter.com/RobBontaCA/status/1322217961059307520,[],[],0,,False,3,0,1,https://twitter.com/THR/status/1321976750583304197,,,,,,,,[],,,,
99,1322023109449297929,1322023109449297929,1604029845000.0,2020-10-29 20:50:45,-0800,,I appreciate the invitation to join members of Asian Pacific American Bar Association Solano County's fireside chat about bias during their 9th Annual Installation Gala. Thx to Michi Yamamoto for moderating our chat on critical issues facing the legal community &amp; every community.  https://t.co/As3XMNwDev,en,[],[],1004065528871247872,1004065528871247872,RobBontaCA,Rob Bonta,4,20,https://twitter.com/RobBontaCA/status/1322023109449297929,[],"['https://pbs.twimg.com/media/EljEcYiU8AIDLEg.jpg', 'https://pbs.twimg.com/media/EljEcYgU4AE7l7C.jpg']",1,https://pbs.twimg.com/media/EljEcYiU8AIDLEg.jpg,False,9,0,2,,,,,,,,,[],,,,
